Designator,Footprint,Quantity,Value,LCSC Part #
"C1, C10, C11, C18, C19, C2, C20, C23, C24, C25, C27, C28, C3, C30, C39, C4, C40, C41, C42, C43, C44, C45, C46, C49, C5, C51, C56, C57, C6, C61, C62, C63, C64, C7, C71, C72, C73, C74, C75, C76, C8, C82, C83, C84, C9",C_0402_1005Metric,45,100n,C1525
"C12, C15, C33",C_0402_1005Metric,3,22n,C1532
"C13, C34",C_1206_3216Metric,2,10uF 50V,C13585
"C14, C21, C36, C52, C53",C_0805_2012Metric,5,22u 25V,C45783
"C16, C26, C32, C81",C_1206_3216Metric,4,47u 10V,C96123
C17,C_0603_1608Metric,1,1u 50V,C15849
C22,C_0402_1005Metric,1,100n 50V,C307331
C29,C_0402_1005Metric,1,1u 25V,C52923
"C31, C60, C69, C70",C_0402_1005Metric,4,1u,C52923
C35,CP_Radial_D16.0mm_P5.00mm_P7.50mm,1,470u 35V,35YXJ470M10X16
"C37, C38",C_0402_1005Metric,2,2.2u,C12530
"C47, C48",C_0402_1005Metric,2,30p,C1570
C50,C_0402_1005Metric,1,10u 6.3V,C15525
"C54, C55",CP_EIA-3216-18_Kemet-A,2,10u 16V,C7171
C58,C_0402_1005Metric,1,4.7u,C23733
"C59, C65, C66, C67, C68, C77, C78, C79, C80",C_0402_1005Metric,9,10n,C15195
D1,LED_0603_1608Metric,1,RED_9V,C2286
D10,LED_0603_1608Metric,1,STS_GRN,C72043
"D2, D3, D4, D5",D_SMA,4,SS34,C8678
D6,LED_0603_1608Metric,1,CASS_A_RED,C2286
D7,LED_0603_1608Metric,1,CASS_B_RED,C2286
D8,LED_0603_1608Metric,1,GRN_DONE,C72043
D9,LED_0603_1608Metric,1,RED_STATUS,C2286
FB1,L_0603_1608Metric,1,600,C1002
H1,MountingHole_4mm_Pad,1,MountingHole_Pad,
"H2, H3, H4",PET_MountingHole_4mm,3,MountingHole,
J1,CUI_SJ-43504-SMT-TR,1,SJ-43504-SMT-TR,C319101
"J10, J20",PinHeader_1x03_P2.54mm_Vertical,2,5V PWR,
J11,PinHeader_1x02_P2.54mm_Vertical,1,9V POWER,
J12,HDMI_A_Molex_208658-1001_Horizontal,1,NOT_HDMI_A,C138388
J13,SIM-SMD_8P-1040310811,1,Micro_SD,C585350
J14,USB-C_SMD-TYPE-C-31-M-12,1,USB2.0_HOST_TYPE_C,C165948
J15,PinHeader_1x05_P2.54mm_Vertical,1,DEBUG,
J16,PinHeader_2x10_P2.54mm_Vertical,1,MCU,
J17,PinHeader_1x02_P2.54mm_Vertical,1,BOOTSEL,
J18,PET_POWER_Molex_KK-396_A-41791-0009_1x09_P3.96mm_Vertical,1,PET POWER,
J19,IDC-Header_2x08_P2.54mm_Vertical,1,PROG,
J2,CBM_PET_KEYBOARD_KEYED_20P,1,KEYBOARD,2-826646-0
J21,PinHeader_2x14_P2.54mm_Vertical,1,FPGA-P4,929975-01-14
J22,PinHeader_1x02_P2.54mm_Vertical,1,MENU,
J23,PinHeader_2x14_P2.54mm_Vertical,1,FPGA_P2,929975-01-14
J24,PinHeader_2x14_P2.54mm_Vertical,1,FPGA_P3,929975-01-14
J3,CBM_PET_IEEE_EDGE_CON_24P,1,IEEE,
J4,CBM_PET_USER_EDGE_CON_24P,1,USER,
J5,CBM_PET_CASS_EDGE_CON_12P,1,CASS A,
J6,CBM_PET_CASS_EDGE_CON_12P,1,CASS B,
J7,BarrelJack_Horizontal,1,9V POWER,CON-SOCJ-2155
J8,PET_SPEAKER,1,SPEAKER,
J9,PET_Video,1,VIDEO,
JP1,SolderJumper-3_P1.3mm_Bridged12_RoundedPad1.0x1.5mm,1,CASS A ~{SWITCH},
JP11,SolderJumper-3_P1.3mm_Open_RoundedPad1.0x1.5mm,1,FPGA VCC,
JP2,SolderJumper-3_P1.3mm_Bridged12_RoundedPad1.0x1.5mm,1,CASS B ~{SWITCH},
JP3,SolderJumper-3_P1.3mm_Bridged12_RoundedPad1.0x1.5mm,1,CASS A READ,
JP4,SolderJumper-3_P1.3mm_Bridged12_RoundedPad1.0x1.5mm,1,CASS B READ,
JP5,SolderJumper-3_P1.3mm_Bridged12_RoundedPad1.0x1.5mm,1,CASS A ~{MOTOR},
JP6,SolderJumper-3_P1.3mm_Bridged12_RoundedPad1.0x1.5mm,1,CASS B ~{MOTOR},
JP7,SolderJumper-2_P1.3mm_Open_RoundedPad1.0x1.5mm,1,DVI_CEC,
JP8,SolderJumper-2_P1.3mm_Open_RoundedPad1.0x1.5mm,1,DVI_SCL,
JP9,SolderJumper-2_P1.3mm_Open_RoundedPad1.0x1.5mm,1,DVI_SDA,
L1,IND-SMD_L11.5-W10.0_SMMS1040,1,68uH,C286354
LS1,XDCR_AT-1224-TWT-5V-2-R,1,Speaker,
"NT1, NT17, NT19, NT21, NT22, NT23, NT24",NetTie-2_SMD_Pad_1.6_to_0.4mm,7,GND,
"NT10, NT13, NT14, NT15, NT18, NT20, NT32, NT33, NT34, NT35, NT36, NT37, NT38",NetTie-2_SMD_Pad_1.6_to_0.4mm,13,+5V,
"NT11, NT12, NT9",NetTie-2_SMD_Pad_1.6_to_0.4mm,3,+6V,
"NT16, NT2, NT25, NT26, NT27, NT28, NT29, NT30, NT31",NetTie-2_SMD_Pad_1.6_to_0.4mm,9,+9V,
"NT3, NT41, NT5",NetTie-2_SMD_Pad_0.4_to_0.2mm,3,+3V3,
NT39,NetTie-2_SMD_Pad_1.6_to_0.4mm,1,+3V3,
NT4,NetTie-2_SMD_Pad_0.4_to_0.2mm,1,GND,
"NT44, NT8",NetTie-2_SMD_Pad_0.4_to_0.28mm,2,+3V3,
NT6,NetTie-2_SMD_Pad_0.4_to_0.28mm,1,+5V,
"PT1, PT2, PT3, PT4, PT5",NetTie-2_SMD_Pad_1.6_to_0.4mm,5,PowerTie_2,
"Q1, Q3",SOT-23_L2.9-W1.3-P1.90-LS2.4-BR,2,AO3401A,C15127
"Q2, Q4",SOT-23,2,MMBT3904,C20526
"R1, R10, R11, R16, R2, R3, R4, R5, R6",R_0603_1608Metric,9,270,C22966
"R12, R15",R_0603_1608Metric,2,27,C25190
"R13, R14, R37, R43, R47",R_0402_1005Metric,5,470,C25117
"R17, R23, R26, R29, R31, R66",R_0402_1005Metric,6,1k,C11702
"R19, R21, R22, R24, R25, R27, R32, R33, R49, R52, R55, R56, R57",R_0402_1005Metric,13,10k,C25744
"R20, R38, R39, R40, R59",R_0402_1005Metric,5,4k7,C25900
R28,R_0402_1005Metric,1,33,C25105
R30,R_0402_1005Metric,1,100k,C25741
R34,R_0402_1005Metric,1,12k 1%,C25752
"R35, R36, R53",R_0402_1005Metric,3,22k,C25768
R41,R_0603_1608Metric,1,2k7,C13167
R42,R_0805_2012Metric,1,68,C17802
"R44, R50",R_0402_1005Metric,2,1k5,C25867
R45,R_0402_1005Metric,1,1.2k,C25862
R46,R_0402_1005Metric,1,3.9k,C51721
"R54, R58, R60",R_0402_1005Metric,3,5.6k,C25908
R61,R_0402_1005Metric,1,4.7k,C25900
R62,R_0805_2012Metric,1,330,C17630
"R64, R65, R7, R8, R9",R_0402_1005Metric,5,2k2,C25879
"RN1, RN3, RN5, RN7",R_Array_Convex_4x0603,4,4.7k,C1980
"RN10, RN14, RN15, RN2, RN4, RN6, RN8, RN9",R_Array_Convex_4x0603,8,10k,C29718
"RN11, RN12, RN13",R_Array_Convex_4x0603,3,470,C25510
RV1,Potentiometer_Bourns_TC33X_Vertical,1,20k,C128550
SW1,SW-TH_L6.0-W3.5-P6.50,1,RESET,
SW2,SW-TH_L6.0-W3.5-P6.50,1,RUN,C457531
SW3,KEY-TH_SKHLLBA010,1,MENU,C139765
SW4,SW-TH_L6.0-W3.5-P6.50,1,NMI,
SW5,SW_DIP_SPSTx04_Slide_6.7x11.72mm_W7.62mm_P2.54mm_LowProfile,1,CONFIG,
U1,SOIC-16_3.9x9.9mm_P1.27mm,1,74LS145,C60829
U10,SOP-8_3.9x4.9mm_P1.27mm,1,XL1509-5.0E1,XL1509-5.0E1
U11,DIP-40_W15.24mm_Socket,1,W65C02S,
U12,DIP-32_W15.24mm_Socket,1,AS6C1008,
U13,SOT-223-3_TabPin2,1,AMS1117-3.3,C6186
U14,LQFN-56_L7.0-W7.0-P0.4-EP,1,RP2040,C2040
U15,TO-252-2,1,LM317AG-TN3-R,C75510
U16,SOIC-8_5.23x5.23mm_P1.27mm,1,W25Q128JVS,C97521
U17,SOT-223,1,LM1117-1.2,C347218
"U18, U19, U20",TSSOP-24_4.4x7.8mm_P0.65mm,3,SN74LVC4245APWR,C7859
"U2, U3, U4",SOIC-14_3.9x8.7mm_P1.27mm,3,SN74LS07,C513513
U21,QFP50P2200X2200X160-144N,1,T8Q144C3,
"U5, U6",SOIC-20W_7.5x12.8mm_P1.27mm,2,74LS245,C129580
"U7, U8",DIP-40_W15.24mm_Socket,2,W65C21N,
U9,DIP-40_W15.24mm_Socket,1,W65C22N,
X1,Crystal_SMD_3225-4Pin_3.2x2.5mm,1,50MHZ,C717684
Y1,Crystal_SMD_3225-4Pin_3.2x2.5mm,1,12 MHz,C9002
