Designator,Footprint,Quantity,Value,LCSC Part #
"C1, C10, C11, C13, C18, C19, C2, C20, C22, C23, C26, C27, C28, C3, C30, C34, C39, C4, C40, C41, C42, C43, C44, C45, C46, C49, C5, C51, C6, C61, C63, C64, C66, C68, C7, C71, C72, C74, C76, C77, C78, C79, C8, C80, C85, C86, C9",C_0402_1005Metric,47,100n,C307331
"C12, C15, C33, C59",C_0402_1005Metric,4,22n,C1532
"C14, C29, C31, C32, C53, C60, C75, C83",C_0402_1005Metric,8,1u,C52923
"C16, C17, C24, C25, C70, C81, C82",C_0603_1608Metric,7,10u,C96446
"C21, C36",C_0805_2012Metric,2,22u,C45783
C35,CP_Radial_D18.0mm_P5.00mm_P7.50mm,1,470u,35YXJ470M10X16
"C37, C38, C52",C_0402_1005Metric,3,2.2u 6.3V,C12530
"C47, C48",C_0402_1005Metric,2,30p,C1570
C50,C_0402_1005Metric,1,10u 6.3V,C15525
C54,C_1206_3216Metric,1,47u 10V,C96123
C55,C_0603_1608Metric,1,47n,C1622
C58,C_0402_1005Metric,1,4.7u 10V,C23733
"C62, C65, C67, C69, C73",C_0402_1005Metric,5,10n,C15195
C84,C_0603_1608Metric,1,4.7u 16V,C19666
"D1, D6, D7, D9",LED_0603_1608Metric,4,LED_RED,C2286
"D10, D8",LED_0603_1608Metric,2,LED_GRN,C72043
"D11, D12, D13, D14, D5",D_SOD-123F,5,SM4007,C64898
"D2, D3, D4",D_SMA,3,SS34,C8678
FB1,L_0603_1608Metric,1,600 200ma,C1002
H1,MountingHole_4mm_Pad,1,MountingHole_Pad,
"H2, H3, H4",PET_MountingHole_4mm,3,MountingHole,
HS1,V1100SMDBL,1,Heatsink_Pad,
J1,CUI_SJ-43504-SMT-TR,1,SJ-43504-SMT-TR,
"J10, J20",PinHeader_2x03_P2.54mm_Vertical,2,5V PWR,
J11,PinHeader_1x02_P2.54mm_Vertical,1,9V POWER,
J12,HDMI_A_Molex_208658-1001_Horizontal,1,NOT_HDMI_A,C138388
J13,TF-SMD_TF-PUSH,1,MicroSD,C393941
J14,USB-C_SMD-TYPE-C-31-M-12,1,USB2.0_HOST_TYPE_C,C165948
J15,PinHeader_2x08_P2.54mm_Vertical,1,KEYBOARD_EX,
J16,PinHeader_2x11_P2.54mm_Vertical,1,MCU,
J18,PET_POWER_Molex_KK-396_A-41791-0009_1x09_P3.96mm_Vertical,1,PET POWER,
J19,IDC-Header_2x08_P2.54mm_Vertical,1,PROG,
J2,CBM_PET_KEYBOARD_KEYED_20P,1,KEYBOARD,2-826646-0
J21,PinHeader_2x14_P2.54mm_Vertical,1,FPGA-P4,929975-01-14
J22,PinHeader_1x02_P2.54mm_Vertical,1,MENU,
J23,PinHeader_2x14_P2.54mm_Vertical,1,FPGA_P2,929975-01-14
J24,PinHeader_2x15_P2.54mm_Vertical,1,Conn_02x15_Odd_Even,
J25,PinHeader_2x09_P2.54mm_Vertical,1,IEEE_HEADER,
J26,PinHeader_2x11_P2.54mm_Vertical,1,USER_HEADER,
J27,PinHeader_1x06_P2.54mm_Vertical,1,CASS_A_HEADER,
J28,PinHeader_1x06_P2.54mm_Vertical,1,CASS_B_HEADER,
J3,CBM_PET_IEEE_EDGE_CON_24P,1,IEEE,
J4,CBM_PET_USER_EDGE_CON_24P,1,USER,
J5,CBM_PET_CASS_EDGE_CON_12P,1,CASS A,
J6,CBM_PET_CASS_EDGE_CON_12P,1,CASS B,
J7,BarrelJack_Horizontal,1,9V POWER,CON-SOCJ-2155
J8,PinHeader_1x02_P2.54mm_Vertical,1,FLASH,
J9,PET_Video,1,VIDEO,
JP1,SolderJumper-3_P1.3mm_Open_RoundedPad1.0x1.5mm,1,CASS A ~{SWITCH},
JP10,SolderJumper-3_P1.3mm_Open_RoundedPad1.0x1.5mm,1,VIDEO_OR_5V,
JP2,SolderJumper-3_P1.3mm_Open_RoundedPad1.0x1.5mm,1,CASS B ~{SWITCH},
JP3,SolderJumper-3_P1.3mm_Open_RoundedPad1.0x1.5mm,1,CASS A READ,
JP4,SolderJumper-3_P1.3mm_Open_RoundedPad1.0x1.5mm,1,CASS B READ,
JP5,SolderJumper-3_P1.3mm_Open_RoundedPad1.0x1.5mm,1,CASS A ~{MOTOR},
JP6,SolderJumper-3_P1.3mm_Open_RoundedPad1.0x1.5mm,1,CASS B ~{MOTOR},
JP7,SolderJumper-2_P1.3mm_Open_RoundedPad1.0x1.5mm,1,DVI_CEC,
JP8,SolderJumper-3_P1.3mm_Open_RoundedPad1.0x1.5mm,1,DVI_SDA,
JP9,SolderJumper-3_P1.3mm_Open_RoundedPad1.0x1.5mm,1,DVI_SCL,
LS1,AT1220TT9R,1,Speaker,
"PT1, PT10, PT11, PT12, PT13, PT14, PT15, PT16, PT17, PT18, PT19, PT2, PT20, PT21, PT22, PT23, PT24, PT25, PT26, PT27, PT28, PT29, PT30, PT31, PT32, PT33, PT35, PT36, PT37, PT38, PT39, PT4, PT5, PT55, PT56, PT6, PT7, PT8, PT9",NetTie-2_SMD_Pad_1.6_to_0.4mm,39,PowerTie_2,
"PT40, PT41, PT42, PT43, PT44, PT45, PT46, PT47, PT48, PT49, PT50, PT51, PT52, PT53, PT54",NetTie-2_SMD_Pad_0.28,15,PowerTie_2,
"Q1, Q3",SOT-23_L2.9-W1.3-P1.90-LS2.4-BR,2,AO3401A,C15127
Q4,SOT-23,1,MMBT3904,C20526
"R1, R10, R11, R16, R2, R3, R4, R5, R6",R_0603_1608Metric,9,270,C22966
"R12, R15",R_0603_1608Metric,2,27,C25190
"R13, R14",R_0402_1005Metric,2,470,C25117
"R17, R23, R26, R29, R31, R66",R_0402_1005Metric,6,1k,C11702
"R18, R20, R25, R27, R49, R52, R55, R56, R57",R_0402_1005Metric,9,10k,C25744
"R19, R21, R22, R48, R51, R63, R67, R68, R69, R70, R71",R_0402_1005Metric,11,33,C25105
R24,R_0402_1005Metric,1,15k,C25756
"R28, R47",R_0402_1005Metric,2,300,C25102
"R30, R33",R_0402_1005Metric,2,100k,C25741
R32,R_0402_1005Metric,1,1.2k,C25862
R34,R_0402_1005Metric,1,12k 1%,C25752
"R35, R36",R_0402_1005Metric,2,56k,C25796
R37,R_0402_1005Metric,1,3.9k,C51721
"R38, R39, R40, R59",R_0402_1005Metric,4,4k7,C25900
"R41, R44, R50",R_0402_1005Metric,3,1k5,C25867
R42,R_0805_2012Metric,1,68,C17802
R43,R_0402_1005Metric,1,120,C25079
R45,R_0402_1005Metric,1,1.5k,C25867
R46,R_0402_1005Metric,1,5.1k,C25905
R53,R_0805_2012Metric_Pad1.20x1.40mm_HandSolder,1,4k7,C17673
"R54, R58, R60",R_0402_1005Metric,3,5.6k,C25908
R61,R_0805_2012Metric_Pad1.20x1.40mm_HandSolder,1,10,C17415
"R64, R65, R7, R73, R74, R8, R9",R_0402_1005Metric,7,2k2,C25879
R72,R_0805_2012Metric_Pad1.20x1.40mm_HandSolder,1,12k,C17444
"RN1, RN3, RN5, RN7",R_Array_Convex_4x0603,4,4.7k,C1980
"RN10, RN14, RN15, RN16, RN2, RN4, RN6, RN8, RN9",R_Array_Convex_4x0603,9,10k,C29718
"RN11, RN12, RN13",R_Array_Convex_4x0603,3,470,C25510
SW1,SW-TH_L6.0-W3.5-P6.50,1,RESET,
SW2,SW-TH_L6.0-W3.5-P6.50,1,RUN,
SW3,APEM_MJTP1117,1,MENU,
SW4,SW-TH_L6.0-W3.5-P6.50,1,NMI,
SW5,SW_DIP_SPSTx04_Slide_6.7x11.72mm_W7.62mm_P2.54mm_LowProfile,1,CONFIG,
U1,SOIC-16_3.9x9.9mm_P1.27mm,1,74LS145,C60829
"U10, U15, U17",TO-252-2,3,LM317AG-TN3-R,C75510
U11,DIP-40_W15.24mm_Socket,1,W65C02S,
U12,DIP-32_W15.24mm_Socket,1,AS6C1008,
U13,SOT-223-3_TabPin2,1,AMS1117-3.3,C6186
U14,LQFN-56_L7.0-W7.0-P0.4-EP,1,RP2040,C2040
U16,SOIC-8_5.23x5.23mm_P1.27mm,1,W25Q128JVS,C97521
"U18, U19, U20",TSSOP-24_4.4x7.8mm_P0.65mm,3,SN74LVC4245APWR,C7859
"U2, U3, U4",SOIC-14_3.9x8.7mm_P1.27mm,3,SN74LS07,C513513
U21,QFP50P2200X2200X160-144N,1,T8Q144C3,T8Q144C3
U22,DIP-8_W7.62mm,1,LM386,
"U5, U6",SOIC-20W_7.5x12.8mm_P1.27mm,2,74LS245,C129580
"U7, U8",DIP-40_W15.24mm_Socket,2,W65C21N,
U9,DIP-40_W15.24mm_Socket,1,W65C22N,
Y1,Crystal_SMD_3225-4Pin_3.2x2.5mm,1,12 MHz,C9002
